firstname;middlename;lastname;title;description;ou
Keanu;;Reeves;Actor;Neo;OU=Cast,OU=DomainUsers,DC=TheMatrix,DC=local
Laurence;;Fishburne;Actor;Morpheus;OU=Cast,OU=DomainUsers,DC=TheMatrix,DC=local
Carrie-Anne;;Moss;Actor;Trinity;OU=Cast,OU=DomainUsers,DC=TheMatrix,DC=local
Hugo;;Weaving;Actor;Agent Smith;OU=Cast,OU=DomainUsers,DC=TheMatrix,DC=local
Gloria;;Foster;Actor;Oracle;OU=Cast,OU=DomainUsers,DC=TheMatrix,DC=local
Joe;;Pantoliano;Actor;Cypher;OU=Cast,OU=DomainUsers,DC=TheMatrix,DC=local
Marcus;;Chong;Actor;Tank;OU=Cast,OU=DomainUsers,DC=TheMatrix,DC=local
Julian;;Arahanga;Actor;Apoc;OU=Cast,OU=DomainUsers,DC=TheMatrix,DC=local
Matt;;Doran;Actor;Mouse;OU=Cast,OU=DomainUsers,DC=TheMatrix,DC=local
Belinda;;McClory;Actor;Switch;OU=Cast,OU=DomainUsers,DC=TheMatrix,DC=local
Anthony;Ray;Parker;Actor;Dozer;OU=Cast,OU=DomainUsers,DC=TheMatrix,DC=local
Paul;;Goddard;Actor;Agent Brown;OU=Cast,OU=DomainUsers,DC=TheMatrix,DC=local
Robert;;Taylor;Actor;Agent Jones;OU=Cast,OU=DomainUsers,DC=TheMatrix,DC=local
David;;Aston;Actor;Rhineheart;OU=Cast,OU=DomainUsers,DC=TheMatrix,DC=local
Marc;;Gray;Actor;Choi;OU=Cast,OU=DomainUsers,DC=TheMatrix,DC=local
Ada;;Nicodemou;Actor;Dujour (White Rabbit Girl);OU=Cast,OU=DomainUsers,DC=TheMatrix,DC=local
Deni;;Gordon;Actor;Priestess;OU=Cast,OU=DomainUsers,DC=TheMatrix,DC=local
Rowan;;Witt;Actor;Spoon Boy;OU=Cast,OU=DomainUsers,DC=TheMatrix,DC=local
Elenor;;Witt;Actor;Potential;OU=Cast,OU=DomainUsers,DC=TheMatrix,DC=local
Tamara;;Brown;Actor;Potential;OU=Cast,OU=DomainUsers,DC=TheMatrix,DC=local
Janaya;;Pender;Actor;Potential;OU=Cast,OU=DomainUsers,DC=TheMatrix,DC=local
Adryn;;White;Actor;Potential;OU=Cast,OU=DomainUsers,DC=TheMatrix,DC=local
Natalie;;Tjen;Actor;Potential;OU=Cast,OU=DomainUsers,DC=TheMatrix,DC=local
Bill;;Young;Actor;Lieutenant;OU=Cast,OU=DomainUsers,DC=TheMatrix,DC=local
David;;O'Connor;Actor;FedEx Man;OU=Cast,OU=DomainUsers,DC=TheMatrix,DC=local
Jeremy;;Ball;Actor;Businessman;OU=Cast,OU=DomainUsers,DC=TheMatrix,DC=local
Fiona;;Johnson;Actor;Woman in Red;OU=Cast,OU=DomainUsers,DC=TheMatrix,DC=local
Harry;;Lawrence;Actor;Old Man;OU=Cast,OU=DomainUsers,DC=TheMatrix,DC=local
Steve;;Dodd;Actor;Blind Man;OU=Cast,OU=DomainUsers,DC=TheMatrix,DC=local
Luke;;Quinton;Actor;Security Guard;OU=Cast,OU=DomainUsers,DC=TheMatrix,DC=local
Lawrence;;Woodward;Actor;Guard;OU=Cast,OU=DomainUsers,DC=TheMatrix,DC=local
Michael;;Butcher;Actor;Cop Who Captures Neo;OU=Cast,OU=DomainUsers,DC=TheMatrix,DC=local
Bernie;;Ledger;Actor;Big Cop;OU=Cast,OU=DomainUsers,DC=TheMatrix,DC=local
Robert;;Simper;Actor;Cop;OU=Cast,OU=DomainUsers,DC=TheMatrix,DC=local
Chris;;Scott;Actor;Cop;OU=Cast,OU=DomainUsers,DC=TheMatrix,DC=local
Nigel;;Harbach;Actor;Parking Cop;OU=Cast,OU=DomainUsers,DC=TheMatrix,DC=local
Lana;;Wachowski;Director;;OU=Directors,OU=Crew,OU=DomainUsers,DC=TheMatrix,DC=local
Lilly;;Wachowski;Director;;OU=Directors,OU=Crew,OU=DomainUsers,DC=TheMatrix,DC=local
Bruce;;Berman;executive producer;;OU=Producers,OU=Crew,OU=DomainUsers,DC=TheMatrix,DC=local
Dan;;Cracchiolo;co-producer;;OU=Producers,OU=Crew,OU=DomainUsers,DC=TheMatrix,DC=local
Carol;;Hughes;associate producer;;OU=Producers,OU=Crew,OU=DomainUsers,DC=TheMatrix,DC=local
Andrew;;Mason;executive producer;;OU=Producers,OU=Crew,OU=DomainUsers,DC=TheMatrix,DC=local
Richard;;Mirisch;associate producer;;OU=Producers,OU=Crew,OU=DomainUsers,DC=TheMatrix,DC=local
Barrie;M.;Osborne;executive producer;;OU=Producers,OU=Crew,OU=DomainUsers,DC=TheMatrix,DC=local
Joel;;Silver;producer;;OU=Producers,OU=Crew,OU=DomainUsers,DC=TheMatrix,DC=local
Erwin;;Stoff;executive producer;;OU=Producers,OU=Crew,OU=DomainUsers,DC=TheMatrix,DC=local
Larry;;Wachowski;executive producer;;OU=Producers,OU=Crew,OU=DomainUsers,DC=TheMatrix,DC=local
Andy;;Wachowski;executive producer;;OU=Producers,OU=Crew,OU=DomainUsers,DC=TheMatrix,DC=local
Rick;;Connelly;makeup special effects artist;;OU=Makeup Department,OU=Crew,OU=DomainUsers,DC=TheMatrix,DC=local
Kathy;;Courtney;makeup artist: second unit;;OU=Makeup Department,OU=Crew,OU=DomainUsers,DC=TheMatrix,DC=local
Nikki;;Gooley;makeup and hair designer;;OU=Makeup Department,OU=Crew,OU=DomainUsers,DC=TheMatrix,DC=local
Sherry;;Hubbard;assistant makeup artist;;OU=Makeup Department,OU=Crew,OU=DomainUsers,DC=TheMatrix,DC=local
Bob;;McCarron;special makeup effects designer and creator;;OU=Makeup Department,OU=Crew,OU=DomainUsers,DC=TheMatrix,DC=local
Wendy;;Sainsbury;senior makeup special effects artist;;OU=Makeup Department,OU=Crew,OU=DomainUsers,DC=TheMatrix,DC=local
Sonja;;Smuk;makeup special effects artist;;OU=Makeup Department,OU=Crew,OU=DomainUsers,DC=TheMatrix,DC=local
Deborah;;Taylor;makeup artist: Mr. Fishburne;;OU=Makeup Department,OU=Crew,OU=DomainUsers,DC=TheMatrix,DC=local
Elka;;Wardega;makeup special effects artist;;OU=Makeup Department,OU=Crew,OU=DomainUsers,DC=TheMatrix,DC=local
Cheryl;;Williams;hair stylist;;OU=Makeup Department,OU=Crew,OU=DomainUsers,DC=TheMatrix,DC=local
Simon;;Zanker;assistant hair stylist;;OU=Makeup Department,OU=Crew,OU=DomainUsers,DC=TheMatrix,DC=local
Dick;;Beckett;assistant unit manager: second unit;;OU=Production Management,OU=Crew,OU=DomainUsers,DC=TheMatrix,DC=local
Carol;;Hughes;unit production manager;;OU=Production Management,OU=Crew,OU=DomainUsers,DC=TheMatrix,DC=local
Grayden;;Le Breton;assistant unit manager;;OU=Production Management,OU=Crew,OU=DomainUsers,DC=TheMatrix,DC=local
Simon;;Lucas;unit manager: second unit;;OU=Production Management,OU=Crew,OU=DomainUsers,DC=TheMatrix,DC=local
Will;;Matthews;unit manager;;OU=Production Management,OU=Crew,OU=DomainUsers,DC=TheMatrix,DC=local
Aiko;;Otani;producer;;OU=Production Management,OU=Crew,OU=DomainUsers,DC=TheMatrix,DC=local
Colin;;Fletcher;first assistant director;;OU=Second Unit Director or Assistent Director,OU=Crew,OU=DomainUsers,DC=TheMatrix,DC=local
Bruce;;Hunt;second unit director;;OU=Second Unit Director or Assistent Director,OU=Crew,OU=DomainUsers,DC=TheMatrix,DC=local
James;;McTeigue;first assistant director;;OU=Second Unit Director or Assistent Director,OU=Crew,OU=DomainUsers,DC=TheMatrix,DC=local
Toby;;Pease;first assistant director: second unit;;OU=Second Unit Director or Assistent Director,OU=Crew,OU=DomainUsers,DC=TheMatrix,DC=local
Tom;;Read;second assistant director;;OU=Second Unit Director or Assistent Director,OU=Crew,OU=DomainUsers,DC=TheMatrix,DC=local
Noni;;Roy;second assistant director;;OU=Second Unit Director or Assistent Director,OU=Crew,OU=DomainUsers,DC=TheMatrix,DC=local
Jeremy;;Sedley;second assistant director: second unit;;OU=Second Unit Director or Assistent Director,OU=Crew,OU=DomainUsers,DC=TheMatrix,DC=local
Paul;;Sullivan;third assistant director;;OU=Second Unit Director or Assistent Director,OU=Crew,OU=DomainUsers,DC=TheMatrix,DC=local
Tony;;Bardolph;construction;;OU=Art Department,OU=Crew,OU=DomainUsers,DC=TheMatrix,DC=local
Brett;;Bartlett;construction;;OU=Art Department,OU=Crew,OU=DomainUsers,DC=TheMatrix,DC=local
Shane;;Bennett;standby props assistant: second unit;;OU=Art Department,OU=Crew,OU=DomainUsers,DC=TheMatrix,DC=local
Jake;;Clifton;props: second unit;;OU=Art Department,OU=Crew,OU=DomainUsers,DC=TheMatrix,DC=local
Godric;;Cole;set designer;;OU=Art Department,OU=Crew,OU=DomainUsers,DC=TheMatrix,DC=local
Peter;;Collias;scenic artist;;OU=Art Department,OU=Crew,OU=DomainUsers,DC=TheMatrix,DC=local
Jules;;Cook;assistant art director;;OU=Art Department,OU=Crew,OU=DomainUsers,DC=TheMatrix,DC=local
James;;Cox;props: second unit;;OU=Art Department,OU=Crew,OU=DomainUsers,DC=TheMatrix,DC=local
Geofrey;;Darrow;conceptual designer;;OU=Art Department,OU=Crew,OU=DomainUsers,DC=TheMatrix,DC=local
Marianne;;Evans;construction coordinator;;OU=Art Department,OU=Crew,OU=DomainUsers,DC=TheMatrix,DC=local
Marc;;Fambro;construction labourer;;OU=Art Department,OU=Crew,OU=DomainUsers,DC=TheMatrix,DC=local
Trish;;Foreman;art department coordinator;;OU=Art Department,OU=Crew,OU=DomainUsers,DC=TheMatrix,DC=local
Mark;;Gatt;construction;;OU=Art Department,OU=Crew,OU=DomainUsers,DC=TheMatrix,DC=local
Murray;;Gosson;props;;OU=Art Department,OU=Crew,OU=DomainUsers,DC=TheMatrix,DC=local
Collin;;Grant;storyboard artist;;OU=Art Department,OU=Crew,OU=DomainUsers,DC=TheMatrix,DC=local
Karen;;Harborow;graphics;;OU=Art Department,OU=Crew,OU=DomainUsers,DC=TheMatrix,DC=local
Judith;;Harvey;set designer;;OU=Art Department,OU=Crew,OU=DomainUsers,DC=TheMatrix,DC=local
Tara;;Kamath;art department researcher;;OU=Art Department,OU=Crew,OU=DomainUsers,DC=TheMatrix,DC=local
Tani;;Kunitake;storyboard artist;;OU=Art Department,OU=Crew,OU=DomainUsers,DC=TheMatrix,DC=local
Jacinta;;Leong;set designer;;OU=Art Department,OU=Crew,OU=DomainUsers,DC=TheMatrix,DC=local
Sarah;;Light;set designer;;OU=Art Department,OU=Crew,OU=DomainUsers,DC=TheMatrix,DC=local
Terence;;Lord;construction;Terry Lord;OU=Art Department,OU=Crew,OU=DomainUsers,DC=TheMatrix,DC=local
Lon;;Lucini;property master;;OU=Art Department,OU=Crew,OU=DomainUsers,DC=TheMatrix,DC=local
Warren;;Manser;storyboard artist;;OU=Art Department,OU=Crew,OU=DomainUsers,DC=TheMatrix,DC=local
Frazer;;Moore;art department;;OU=Art Department,OU=Crew,OU=DomainUsers,DC=TheMatrix,DC=local
Fletcher;;Moules;props;;OU=Art Department,OU=Crew,OU=DomainUsers,DC=TheMatrix,DC=local
Dave;;Nagel;senior mould and prop maker;;OU=Art Department,OU=Crew,OU=DomainUsers,DC=TheMatrix,DC=local
Adrienne;;Ogle;props;;OU=Art Department,OU=Crew,OU=DomainUsers,DC=TheMatrix,DC=local
John;;Pickering;construction;;OU=Art Department,OU=Crew,OU=DomainUsers,DC=TheMatrix,DC=local
Tony;;Piliotis;stand-by painter;;OU=Art Department,OU=Crew,OU=DomainUsers,DC=TheMatrix,DC=local
Wayne;;Porter;construction;;OU=Art Department,OU=Crew,OU=DomainUsers,DC=TheMatrix,DC=local
Andrew;;Powell;set designer;;OU=Art Department,OU=Crew,OU=DomainUsers,DC=TheMatrix,DC=local
Ronald;;Rametta;model maker;;OU=Art Department,OU=Crew,OU=DomainUsers,DC=TheMatrix,DC=local
John;;Rega;construction;;OU=Art Department,OU=Crew,OU=DomainUsers,DC=TheMatrix,DC=local
Deborah;;Riley;set designer;;OU=Art Department,OU=Crew,OU=DomainUsers,DC=TheMatrix,DC=local
Fiona;;Scott;assistant art director;;OU=Art Department,OU=Crew,OU=DomainUsers,DC=TheMatrix,DC=local
Katie;;Sharrock;props;;OU=Art Department,OU=Crew,OU=DomainUsers,DC=TheMatrix,DC=local
Phil;;Shearer;illustrator;;OU=Art Department,OU=Crew,OU=DomainUsers,DC=TheMatrix,DC=local
Steve;;Skroce;storyboard artist;;OU=Art Department,OU=Crew,OU=DomainUsers,DC=TheMatrix,DC=local
Marcus;;Smith;construction;;OU=Art Department,OU=Crew,OU=DomainUsers,DC=TheMatrix,DC=local
Trevor;;Smith;construction;;OU=Art Department,OU=Crew,OU=DomainUsers,DC=TheMatrix,DC=local
Andrew;;Staig;construction;;OU=Art Department,OU=Crew,OU=DomainUsers,DC=TheMatrix,DC=local
Jon;;Stiles;stand-by painter;;OU=Art Department,OU=Crew,OU=DomainUsers,DC=TheMatrix,DC=local
Nils;;Thyrring;carpenter;;OU=Art Department,OU=Crew,OU=DomainUsers,DC=TheMatrix,DC=local
Tony;;Williams;assistant art director;;OU=Art Department,OU=Crew,OU=DomainUsers,DC=TheMatrix,DC=local
Phil;;Worth;construction supervisor;Philip Worth;OU=Art Department,OU=Crew,OU=DomainUsers,DC=TheMatrix,DC=local
Nancy;;Barker;first assistant sound editor;;OU=Sound Department,OU=Crew,OU=DomainUsers,DC=TheMatrix,DC=local
Thom;;Brennan;supervising foley editor;;OU=Sound Department,OU=Crew,OU=DomainUsers,DC=TheMatrix,DC=local
David;;Campbell;re-recording mixer;David E. Campbell;OU=Sound Department,OU=Crew,OU=DomainUsers,DC=TheMatrix,DC=local
Kevin;;Carpenter;sound re-recording mixer: second stage;Kevin E. Carpenter;OU=Sound Department,OU=Crew,OU=DomainUsers,DC=TheMatrix,DC=local
Valerie;;Davidson;foley editor;;OU=Sound Department,OU=Crew,OU=DomainUsers,DC=TheMatrix,DC=local
Dane;A.;Davis;sound designer / supervising sound editor;;OU=Sound Department,OU=Crew,OU=DomainUsers,DC=TheMatrix,DC=local
Barbara;;Delpuech;assistant sound editor;;OU=Sound Department,OU=Crew,OU=DomainUsers,DC=TheMatrix,DC=local
Susan;;Dudeck;dialogue editor;;OU=Sound Department,OU=Crew,OU=DomainUsers,DC=TheMatrix,DC=local
Julia;;Evershade;sound effects editor;;OU=Sound Department,OU=Crew,OU=DomainUsers,DC=TheMatrix,DC=local
Jack;;Friedman;boom operator;;OU=Sound Department,OU=Crew,OU=DomainUsers,DC=TheMatrix,DC=local
David;;Grimaldi;sound effects editor;;OU=Sound Department,OU=Crew,OU=DomainUsers,DC=TheMatrix,DC=local
Hilda;;Hodges;foley artist;;OU=Sound Department,OU=Crew,OU=DomainUsers,DC=TheMatrix,DC=local
Maryjo;;Lang;foley mixer;;OU=Sound Department,OU=Crew,OU=DomainUsers,DC=TheMatrix,DC=local
David;;Lee;sound recordist;;OU=Sound Department,OU=Crew,OU=DomainUsers,DC=TheMatrix,DC=local
Eric;;Lindemann;sound effects editor;;OU=Sound Department,OU=Crew,OU=DomainUsers,DC=TheMatrix,DC=local
Ross;;Linton;additional sound: second unit;;OU=Sound Department,OU=Crew,OU=DomainUsers,DC=TheMatrix,DC=local
Frank;;Long;assistant sound editor;;OU=Sound Department,OU=Crew,OU=DomainUsers,DC=TheMatrix,DC=local
Mario;;Lorenzo;re-recording mixer (Catalan version);;OU=Sound Department,OU=Crew,OU=DomainUsers,DC=TheMatrix,DC=local
David;;McRell;assistant sound editor;;OU=Sound Department,OU=Crew,OU=DomainUsers,DC=TheMatrix,DC=local
Gerry;;Nucifora;boom operator;;OU=Sound Department,OU=Crew,OU=DomainUsers,DC=TheMatrix,DC=local
Tom;;O'Connell;adr mixer;Thomas J. O'Connell;OU=Sound Department,OU=Crew,OU=DomainUsers,DC=TheMatrix,DC=local
John;;Reitz;re-recording mixer;John T. Reitz;OU=Sound Department,OU=Crew,OU=DomainUsers,DC=TheMatrix,DC=local
Charles;;Ritter;dialogue editor;Charles W. Ritter;OU=Sound Department,OU=Crew,OU=DomainUsers,DC=TheMatrix,DC=local
John;;Roesch;foley artist;;OU=Sound Department,OU=Crew,OU=DomainUsers,DC=TheMatrix,DC=local
Gregg;;Rudloff;re-recording mixer;;OU=Sound Department,OU=Crew,OU=DomainUsers,DC=TheMatrix,DC=local
Kilian;;Seavers;sound assistant;;OU=Sound Department,OU=Crew,OU=DomainUsers,DC=TheMatrix,DC=local
Carolyn;;Tapp;foley mixer;;OU=Sound Department,OU=Crew,OU=DomainUsers,DC=TheMatrix,DC=local
Robert;;Agganis;camera operator / steadicam operator;;OU=Camera and Electrical Departement,OU=Crew,OU=DomainUsers,DC=TheMatrix,DC=local
Jason;;Binnie;"second assistant camera ""a"" camera";;OU=Camera and Electrical Departement,OU=Crew,OU=DomainUsers,DC=TheMatrix,DC=local
Ian;;Bird;head grip;;OU=Camera and Electrical Departement,OU=Crew,OU=DomainUsers,DC=TheMatrix,DC=local
Jasin;;Boland;still photographer;;OU=Camera and Electrical Departement,OU=Crew,OU=DomainUsers,DC=TheMatrix,DC=local
Mal;;Booth;dolly grip;;OU=Camera and Electrical Departement,OU=Crew,OU=DomainUsers,DC=TheMatrix,DC=local
Ray;;Brown;key grip;;OU=Camera and Electrical Departement,OU=Crew,OU=DomainUsers,DC=TheMatrix,DC=local
Craig;;Bryant;rigger gaffer;;OU=Camera and Electrical Departement,OU=Crew,OU=DomainUsers,DC=TheMatrix,DC=local
Roger;;Buckingham;underwater camera operator: second unit;;OU=Camera and Electrical Departement,OU=Crew,OU=DomainUsers,DC=TheMatrix,DC=local
Robbie;;Burr;best boy: second unit;;OU=Camera and Electrical Departement,OU=Crew,OU=DomainUsers,DC=TheMatrix,DC=local
Toby;;Copping;key grip: second unit;;OU=Camera and Electrical Departement,OU=Crew,OU=DomainUsers,DC=TheMatrix,DC=local
Paul;;Cummings;rigger gaffer;;OU=Camera and Electrical Departement,OU=Crew,OU=DomainUsers,DC=TheMatrix,DC=local
Alan;;Dunstan;best boy;;OU=Camera and Electrical Departement,OU=Crew,OU=DomainUsers,DC=TheMatrix,DC=local
David;;Elmes;"first assistant camera ""a"" camera";;OU=Camera and Electrical Departement,OU=Crew,OU=DomainUsers,DC=TheMatrix,DC=local
Ross;;Emery;director of photography: second unit;;OU=Camera and Electrical Departement,OU=Crew,OU=DomainUsers,DC=TheMatrix,DC=local
Frank;;Flick;first assistant camera: second unit;;OU=Camera and Electrical Departement,OU=Crew,OU=DomainUsers,DC=TheMatrix,DC=local
Reg;;Garside;gaffer;;OU=Camera and Electrical Departement,OU=Crew,OU=DomainUsers,DC=TheMatrix,DC=local
David;;Hird;rigging grip;;OU=Camera and Electrical Departement,OU=Crew,OU=DomainUsers,DC=TheMatrix,DC=local
Ben;;Hyde;dolly grip: second unit;Benn Hyde;OU=Camera and Electrical Departement,OU=Crew,OU=DomainUsers,DC=TheMatrix,DC=local
Steve;;Johnston;rigger gaffer;;OU=Camera and Electrical Departement,OU=Crew,OU=DomainUsers,DC=TheMatrix,DC=local
Paul;;Johnstone;gaffer: second unit;;OU=Camera and Electrical Departement,OU=Crew,OU=DomainUsers,DC=TheMatrix,DC=local
Miles;;Jones;rigger gaffer;;OU=Camera and Electrical Departement,OU=Crew,OU=DomainUsers,DC=TheMatrix,DC=local
Darrin;;Keough;additional camera operator;;OU=Camera and Electrical Departement,OU=Crew,OU=DomainUsers,DC=TheMatrix,DC=local
Greg;;King;dolly grip;;OU=Camera and Electrical Departement,OU=Crew,OU=DomainUsers,DC=TheMatrix,DC=local
Chris;;Loveday;rigger gaffer;;OU=Camera and Electrical Departement,OU=Crew,OU=DomainUsers,DC=TheMatrix,DC=local
Paul;;Micallef;camera remote operator;;OU=Camera and Electrical Departement,OU=Crew,OU=DomainUsers,DC=TheMatrix,DC=local
Paul;;Moyes;rigger gaffer;;OU=Camera and Electrical Departement,OU=Crew,OU=DomainUsers,DC=TheMatrix,DC=local
Jay;;Munro;key grip;;OU=Camera and Electrical Departement,OU=Crew,OU=DomainUsers,DC=TheMatrix,DC=local
Phil;;Pastahov;camera operator: Wescam, second unit;Phil Pastuhov;OU=Camera and Electrical Departement,OU=Crew,OU=DomainUsers,DC=TheMatrix,DC=local
Adrien;;Seffrin;second assistant camera;;OU=Camera and Electrical Departement,OU=Crew,OU=DomainUsers,DC=TheMatrix,DC=local
Ken;;Talbot;rigger gaffer;;OU=Camera and Electrical Departement,OU=Crew,OU=DomainUsers,DC=TheMatrix,DC=local
Michael;;Taylor;video playback operator;;OU=Camera and Electrical Departement,OU=Crew,OU=DomainUsers,DC=TheMatrix,DC=local
Gary;;Ticehurst;helicopter pilot: camera helicopter, second unit;;OU=Camera and Electrical Departement,OU=Crew,OU=DomainUsers,DC=TheMatrix,DC=local
Jay;;Torta;truck loader;;OU=Camera and Electrical Departement,OU=Crew,OU=DomainUsers,DC=TheMatrix,DC=local
Anthony;;Toy;video operator: second unit;;OU=Camera and Electrical Departement,OU=Crew,OU=DomainUsers,DC=TheMatrix,DC=local
Mick;;Vivian;dolly grip;Michael Vivian;OU=Camera and Electrical Departement,OU=Crew,OU=DomainUsers,DC=TheMatrix,DC=local
Aron;;Walker;dolly grip;;OU=Camera and Electrical Departement,OU=Crew,OU=DomainUsers,DC=TheMatrix,DC=local
David;;Williamson;camera operator;;OU=Camera and Electrical Departement,OU=Crew,OU=DomainUsers,DC=TheMatrix,DC=local
Colin;;Wyatt;rigger gaffer;;OU=Camera and Electrical Departement,OU=Crew,OU=DomainUsers,DC=TheMatrix,DC=local
Trevor;;Tighe;animatronic designer;;OU=Animation Departement,OU=Crew,OU=DomainUsers,DC=TheMatrix,DC=local
Tim;;Littleton;extras casting;;OU=Casting Department,OU=Crew,OU=DomainUsers,DC=TheMatrix,DC=local
Emily;;Schweber;casting associate;;OU=Casting Department,OU=Crew,OU=DomainUsers,DC=TheMatrix,DC=local
Lyn;;Askew;costume supervisor;;OU=Costume and Wardrobe Department,OU=Crew,OU=DomainUsers,DC=TheMatrix,DC=local
Nicole;;Brown;costumer;;OU=Costume and Wardrobe Department,OU=Crew,OU=DomainUsers,DC=TheMatrix,DC=local
Mary;;Lou Da Roza;costumer;;OU=Costume and Wardrobe Department,OU=Crew,OU=DomainUsers,DC=TheMatrix,DC=local
Nick;;Godlee;costumer;;OU=Costume and Wardrobe Department,OU=Crew,OU=DomainUsers,DC=TheMatrix,DC=local
Fiona;;Holly;costumer;;OU=Costume and Wardrobe Department,OU=Crew,OU=DomainUsers,DC=TheMatrix,DC=local
Andrea;;Hood;costumer;;OU=Costume and Wardrobe Department,OU=Crew,OU=DomainUsers,DC=TheMatrix,DC=local
Andrew;;Infanti;costumer;;OU=Costume and Wardrobe Department,OU=Crew,OU=DomainUsers,DC=TheMatrix,DC=local
Jenny;;Irwin;costumer;;OU=Costume and Wardrobe Department,OU=Crew,OU=DomainUsers,DC=TheMatrix,DC=local
Helen;;Mather;costumer;;OU=Costume and Wardrobe Department,OU=Crew,OU=DomainUsers,DC=TheMatrix,DC=local
Fiona;;Nicholls;wardrobe: second unit;Fiona Nichols;OU=Costume and Wardrobe Department,OU=Crew,OU=DomainUsers,DC=TheMatrix,DC=local
Pauline;;Walker;costumer;;OU=Costume and Wardrobe Department,OU=Crew,OU=DomainUsers,DC=TheMatrix,DC=local
Catherine;;Chase;first assistant editor: USA;;OU=Editorial Department,OU=Crew,OU=DomainUsers,DC=TheMatrix,DC=local
Tom;;Costain;assistant editor;;OU=Editorial Department,OU=Crew,OU=DomainUsers,DC=TheMatrix,DC=local
Tritia;;Espinoza;international editor;;OU=Editorial Department,OU=Crew,OU=DomainUsers,DC=TheMatrix,DC=local
Mo;;Henry;negative cutter;;OU=Editorial Department,OU=Crew,OU=DomainUsers,DC=TheMatrix,DC=local
Jennifer;;Hicks;assistant editor;Jenny Hicks;OU=Editorial Department,OU=Crew,OU=DomainUsers,DC=TheMatrix,DC=local
John;;Lee;assistant editor;;OU=Editorial Department,OU=Crew,OU=DomainUsers,DC=TheMatrix,DC=local
David;;Orr;color timer;;OU=Editorial Department,OU=Crew,OU=DomainUsers,DC=TheMatrix,DC=local
Basia;;Ozerski;assistant editor;;OU=Editorial Department,OU=Crew,OU=DomainUsers,DC=TheMatrix,DC=local
Pete;;Skarratt;first assistant editor;;OU=Editorial Department,OU=Crew,OU=DomainUsers,DC=TheMatrix,DC=local
Noelleen;;Westcombe;first assistant editor: Australia;;OU=Editorial Department,OU=Crew,OU=DomainUsers,DC=TheMatrix,DC=local
Robin;;Clifton;location manager: second unit;;OU=Location Management,OU=Crew,OU=DomainUsers,DC=TheMatrix,DC=local
Peter;;Lawless;location manager;;OU=Location Management,OU=Crew,OU=DomainUsers,DC=TheMatrix,DC=local
Timothy;;Barr;musician: bass;;OU=Music Department,OU=Crew,OU=DomainUsers,DC=TheMatrix,DC=local
Steve;;Becknell;musician: french horn;;OU=Music Department,OU=Crew,OU=DomainUsers,DC=TheMatrix,DC=local
Emily;;Bernstein;musician: clarinet;;OU=Music Department,OU=Crew,OU=DomainUsers,DC=TheMatrix,DC=local
Bill;;Booth;musician: trombone;;OU=Music Department,OU=Crew,OU=DomainUsers,DC=TheMatrix,DC=local
Debbi;;Datz-Pyle;orchestra contractor;;OU=Music Department,OU=Crew,OU=DomainUsers,DC=TheMatrix,DC=local
Don;;Davis;conductor / orchestrator;;OU=Music Department,OU=Crew,OU=DomainUsers,DC=TheMatrix,DC=local
Brian;;Dembow;musician: viola;;OU=Music Department,OU=Crew,OU=DomainUsers,DC=TheMatrix,DC=local
Burnette;;Dillon;musician: trumpet;;OU=Music Department,OU=Crew,OU=DomainUsers,DC=TheMatrix,DC=local
David;;Duke;musician: french horn;;OU=Music Department,OU=Crew,OU=DomainUsers,DC=TheMatrix,DC=local
Lori;E.;Frystak;music editor;Lori L. Eschler;OU=Music Department,OU=Crew,OU=DomainUsers,DC=TheMatrix,DC=local
Alan;;Estes;musician: percussion;;OU=Music Department,OU=Crew,OU=DomainUsers,DC=TheMatrix,DC=local
Gregory;;Goodall;musician: percussion;;OU=Music Department,OU=Crew,OU=DomainUsers,DC=TheMatrix,DC=local
Zigmund;;Gron;music editor;;OU=Music Department,OU=Crew,OU=DomainUsers,DC=TheMatrix,DC=local
Mario;;Guarneri;musician: trumpet;;OU=Music Department,OU=Crew,OU=DomainUsers,DC=TheMatrix,DC=local
Clayton;;Haslop;concertmaster;;OU=Music Department,OU=Crew,OU=DomainUsers,DC=TheMatrix,DC=local
Chris;;Kollgaard;musician: bass;;OU=Music Department,OU=Crew,OU=DomainUsers,DC=TheMatrix,DC=local
Armen;;Ksajikian;musician: cello;;OU=Music Department,OU=Crew,OU=DomainUsers,DC=TheMatrix,DC=local
William;;Lane;musician: french horn;;OU=Music Department,OU=Crew,OU=DomainUsers,DC=TheMatrix,DC=local
Charlie;;Loper;musician: trombone;;OU=Music Department,OU=Crew,OU=DomainUsers,DC=TheMatrix,DC=local
Larry;;Mah;music score mixer;;OU=Music Department,OU=Crew,OU=DomainUsers,DC=TheMatrix,DC=local
Andy;;Malloy;musician: trombone;;OU=Music Department,OU=Crew,OU=DomainUsers,DC=TheMatrix,DC=local
Malcolm;;McNab;musician: trumpet;;OU=Music Department,OU=Crew,OU=DomainUsers,DC=TheMatrix,DC=local
Joe;;Meyer;musician: french horn;;OU=Music Department,OU=Crew,OU=DomainUsers,DC=TheMatrix,DC=local
Tim;;Morrison;musician: trumpet;;OU=Music Department,OU=Crew,OU=DomainUsers,DC=TheMatrix,DC=local
Brian;;O'Connor;musician: french horn;;OU=Music Department,OU=Crew,OU=DomainUsers,DC=TheMatrix,DC=local
Bill;;Reichenbach;musician: trombone;;OU=Music Department,OU=Crew,OU=DomainUsers,DC=TheMatrix,DC=local
John;;Reynolds;musician: french horn;;OU=Music Department,OU=Crew,OU=DomainUsers,DC=TheMatrix,DC=local
David;;Shamban;musician: cello;;OU=Music Department,OU=Crew,OU=DomainUsers,DC=TheMatrix,DC=local
Lindsay;;Shilling;musician: trombone;;OU=Music Department,OU=Crew,OU=DomainUsers,DC=TheMatrix,DC=local
Dan;;Smith;musician: cello;;OU=Music Department,OU=Crew,OU=DomainUsers,DC=TheMatrix,DC=local
Kurt;;Snyder;musician: french horn;;OU=Music Department,OU=Crew,OU=DomainUsers,DC=TheMatrix,DC=local
Armin;;Steiner;scoring mixer;;OU=Music Department,OU=Crew,OU=DomainUsers,DC=TheMatrix,DC=local
Chet;;Swiatkowsky;musician: keyboards;;OU=Music Department,OU=Crew,OU=DomainUsers,DC=TheMatrix,DC=local
Phillip;A.;Teele;musician: trombone;;OU=Music Department,OU=Crew,OU=DomainUsers,DC=TheMatrix,DC=local
Richard;;Todd;musician: french horn;;OU=Music Department,OU=Crew,OU=DomainUsers,DC=TheMatrix,DC=local
Brad;;Warnaar;musician: french horn;;OU=Music Department,OU=Crew,OU=DomainUsers,DC=TheMatrix,DC=local
Phillip;;Yao;musician: french horn;;OU=Music Department,OU=Crew,OU=DomainUsers,DC=TheMatrix,DC=local
Patti;;Zimmitti;orchestra contractor;;OU=Music Department,OU=Crew,OU=DomainUsers,DC=TheMatrix,DC=local
Tom;;Allen;script;;OU=Script and Continuity Department,OU=Crew,OU=DomainUsers,DC=TheMatrix,DC=local
Gillian;;Stein;script supervisor: second unit;;OU=Script and Continuity Department,OU=Crew,OU=DomainUsers,DC=TheMatrix,DC=local
Victoria;;Sullivan;script supervisor;;OU=Script and Continuity Department,OU=Crew,OU=DomainUsers,DC=TheMatrix,DC=local
John;;Allan;action vehicle coordinator;;OU=Transportation Department,OU=Crew,OU=DomainUsers,DC=TheMatrix,DC=local
Tapio;;Piitulainen;action vehicle coordinator;;OU=Transportation Department,OU=Crew,OU=DomainUsers,DC=TheMatrix,DC=local
Nathan;;Anderson;production aide;;OU=Additional Crew,OU=Crew,OU=DomainUsers,DC=TheMatrix,DC=local
Ian;I.T.;Armstrong;medical advisor;;OU=Additional Crew,OU=Crew,OU=DomainUsers,DC=TheMatrix,DC=local
Nils;;Bendix;kung fu team: Hong Kong;;OU=Additional Crew,OU=Crew,OU=DomainUsers,DC=TheMatrix,DC=local
Kerry;;Blakeman;safety officer;;OU=Additional Crew,OU=Crew,OU=DomainUsers,DC=TheMatrix,DC=local
John;;Bowring;key armorer;;OU=Additional Crew,OU=Crew,OU=DomainUsers,DC=TheMatrix,DC=local
Mandy;;Butler;first assistant accountant;;OU=Additional Crew,OU=Crew,OU=DomainUsers,DC=TheMatrix,DC=local
Suzanne;;Celeste;dialect coach;;OU=Additional Crew,OU=Crew,OU=DomainUsers,DC=TheMatrix,DC=local
Sergei;;Chadiloff;2-D/3-D conceptual designer;;OU=Additional Crew,OU=Crew,OU=DomainUsers,DC=TheMatrix,DC=local
Chen;T;Hu;kung fu team: Hong Kong;Tiger Hu Chen;OU=Additional Crew,OU=Crew,OU=DomainUsers,DC=TheMatrix,DC=local
Spike;;Cherrie;safety officer;;OU=Additional Crew,OU=Crew,OU=DomainUsers,DC=TheMatrix,DC=local
Helen;;Cox;nurse: second unit;;OU=Additional Crew,OU=Crew,OU=DomainUsers,DC=TheMatrix,DC=local
Aaron;;Crothers;concept designer;;OU=Additional Crew,OU=Crew,OU=DomainUsers,DC=TheMatrix,DC=local
Michele;;D'Arcey;assistant accountant;;OU=Additional Crew,OU=Crew,OU=DomainUsers,DC=TheMatrix,DC=local
Belinda;;Dean;production aide: second unit;;OU=Additional Crew,OU=Crew,OU=DomainUsers,DC=TheMatrix,DC=local
Christopher;;DeFaria;production executive;;OU=Additional Crew,OU=Crew,OU=DomainUsers,DC=TheMatrix,DC=local
Sassica;;Donohoo;production aide;;OU=Additional Crew,OU=Crew,OU=DomainUsers,DC=TheMatrix,DC=local
Greg;;Duncombe;picture helicopter pilot: second unit;;OU=Additional Crew,OU=Crew,OU=DomainUsers,DC=TheMatrix,DC=local
Marcus;;Dwyer;production aide;;OU=Additional Crew,OU=Crew,OU=DomainUsers,DC=TheMatrix,DC=local
Brian;;Ellison;safety officer: second unit;;OU=Additional Crew,OU=Crew,OU=DomainUsers,DC=TheMatrix,DC=local
Lizzie;;Eves;production secretary: second unit;Elizabeth Eves;OU=Additional Crew,OU=Crew,OU=DomainUsers,DC=TheMatrix,DC=local
John;;Faithfull;caterer: second unit;;OU=Additional Crew,OU=Crew,OU=DomainUsers,DC=TheMatrix,DC=local
Kerry;;Fetzer;caterer;;OU=Additional Crew,OU=Crew,OU=DomainUsers,DC=TheMatrix,DC=local
Guy;;Firth;caterer;;OU=Additional Crew,OU=Crew,OU=DomainUsers,DC=TheMatrix,DC=local
Peter;;Forbes;staff assistant;;OU=Additional Crew,OU=Crew,OU=DomainUsers,DC=TheMatrix,DC=local
Yukiko;;Furuse;translator;;OU=Additional Crew,OU=Crew,OU=DomainUsers,DC=TheMatrix,DC=local
Katherine;;Gamble;assistant production coordinator;;OU=Additional Crew,OU=Crew,OU=DomainUsers,DC=TheMatrix,DC=local
Annie;;Gilhooly;assistant: Barrie M. Osborne;;OU=Additional Crew,OU=Crew,OU=DomainUsers,DC=TheMatrix,DC=local
Juan;;Goldsmith;production aide;;OU=Additional Crew,OU=Crew,OU=DomainUsers,DC=TheMatrix,DC=local
Martin;;Grelis;actor;;OU=Additional Crew,OU=Crew,OU=DomainUsers,DC=TheMatrix,DC=local
Jane;;Griffin;production coordinator: second unit;;OU=Additional Crew,OU=Crew,OU=DomainUsers,DC=TheMatrix,DC=local
Bianca;;Havas;staff assistant;;OU=Additional Crew,OU=Crew,OU=DomainUsers,DC=TheMatrix,DC=local
Marvin;;Hayes;production aide;;OU=Additional Crew,OU=Crew,OU=DomainUsers,DC=TheMatrix,DC=local
Jane;;Healy;staff assistant;;OU=Additional Crew,OU=Crew,OU=DomainUsers,DC=TheMatrix,DC=local
Sandra;;Hodge;assistant: Laurence Fishburne;Sandra Hodge-Hampton;OU=Additional Crew,OU=Crew,OU=DomainUsers,DC=TheMatrix,DC=local
Joseph;M;Horrigan;medical advisor;;OU=Additional Crew,OU=Crew,OU=DomainUsers,DC=TheMatrix,DC=local
Huang;;Sam Kai Sen;kung fu team: Hong Kong;Sam Kai-Sen Huang;OU=Additional Crew,OU=Crew,OU=DomainUsers,DC=TheMatrix,DC=local
Donna;;Huddleston;staff assistant;;OU=Additional Crew,OU=Crew,OU=DomainUsers,DC=TheMatrix,DC=local
Yoshikazu;;Iwanami;staging;;OU=Additional Crew,OU=Crew,OU=DomainUsers,DC=TheMatrix,DC=local
Emma;;Jacobs;assistant: Andrew Mason;;OU=Additional Crew,OU=Crew,OU=DomainUsers,DC=TheMatrix,DC=local
Alistair;;Jenkins;production accountant: Australia;;OU=Additional Crew,OU=Crew,OU=DomainUsers,DC=TheMatrix,DC=local
Jayne;;Johnson;staff assistant;;OU=Additional Crew,OU=Crew,OU=DomainUsers,DC=TheMatrix,DC=local
Kazumi;;Kanaya;editing;;OU=Additional Crew,OU=Crew,OU=DomainUsers,DC=TheMatrix,DC=local
Alex;;Kaufman;production aide;;OU=Additional Crew,OU=Crew,OU=DomainUsers,DC=TheMatrix,DC=local
Carol;;Kim;kung fu coordinator: Hong Kong;;OU=Additional Crew,OU=Crew,OU=DomainUsers,DC=TheMatrix,DC=local
Stephen;;Kitney;stand-in;;OU=Additional Crew,OU=Crew,OU=DomainUsers,DC=TheMatrix,DC=local
Morio;;Kobayashi;staging;;OU=Additional Crew,OU=Crew,OU=DomainUsers,DC=TheMatrix,DC=local
Yoshiaki;;Kubo;translator;;OU=Additional Crew,OU=Crew,OU=DomainUsers,DC=TheMatrix,DC=local
Tomiko;;Kurihara;translator;;OU=Additional Crew,OU=Crew,OU=DomainUsers,DC=TheMatrix,DC=local
Fiona;;Landreth;staff assistant;;OU=Additional Crew,OU=Crew,OU=DomainUsers,DC=TheMatrix,DC=local
Brian;;Larimer;Advertising;;OU=Additional Crew,OU=Crew,OU=DomainUsers,DC=TheMatrix,DC=local
Lee;;Chew Tat Chiu;kung fu team: Hong Kong;Tat-Chiu Lee;OU=Additional Crew,OU=Crew,OU=DomainUsers,DC=TheMatrix,DC=local
Terry;;Lee;aerial coordinator: second unit;;OU=Additional Crew,OU=Crew,OU=DomainUsers,DC=TheMatrix,DC=local
Lea;;Lennon;staff assistant;;OU=Additional Crew,OU=Crew,OU=DomainUsers,DC=TheMatrix,DC=local
Leung;;Madye Sing Hung;kung fu team: Hong Kong;Shing-Hung Leung;OU=Additional Crew,OU=Crew,OU=DomainUsers,DC=TheMatrix,DC=local
Julie-Anne;;Lincoln;caterer: second unit;;OU=Additional Crew,OU=Crew,OU=DomainUsers,DC=TheMatrix,DC=local
Belinda;;Lowson;staff assistant;;OU=Additional Crew,OU=Crew,OU=DomainUsers,DC=TheMatrix,DC=local
Sami;;MacKenzie-Kerr;screen graphics assistant;;OU=Additional Crew,OU=Crew,OU=DomainUsers,DC=TheMatrix,DC=local
Suzanne;;Middleton;staff assistant;;OU=Additional Crew,OU=Crew,OU=DomainUsers,DC=TheMatrix,DC=local
Melissa;;Johnston;production aide;Melissa Mundi;OU=Additional Crew,OU=Crew,OU=DomainUsers,DC=TheMatrix,DC=local
Masumi;;Nakanishi;sound;;OU=Additional Crew,OU=Crew,OU=DomainUsers,DC=TheMatrix,DC=local
Longy;;Nguyin;cast sports masseuse;;OU=Additional Crew,OU=Crew,OU=DomainUsers,DC=TheMatrix,DC=local
Tommy;;O'Reilly;staff assistant;;OU=Additional Crew,OU=Crew,OU=DomainUsers,DC=TheMatrix,DC=local
Phil;;Oosterhouse;assistant: Wachowski brothers;;OU=Additional Crew,OU=Crew,OU=DomainUsers,DC=TheMatrix,DC=local
Danielle;;Osborne;staff assistant;;OU=Additional Crew,OU=Crew,OU=DomainUsers,DC=TheMatrix,DC=local
Julia;;Peters;production coordinator: second unit;;OU=Additional Crew,OU=Crew,OU=DomainUsers,DC=TheMatrix,DC=local
Rob;;Polgar;assistant: Dan Cracchiolo;Robert Polgar;OU=Additional Crew,OU=Crew,OU=DomainUsers,DC=TheMatrix,DC=local
Angela;;Pritchard;assistant: Barrie M. Osborne;;OU=Additional Crew,OU=Crew,OU=DomainUsers,DC=TheMatrix,DC=local
Reinaldo;;Puentes-Tucki;assistant: Mr. Reeves;;OU=Additional Crew,OU=Crew,OU=DomainUsers,DC=TheMatrix,DC=local
Jacquie;;Robertson;nurse;;OU=Additional Crew,OU=Crew,OU=DomainUsers,DC=TheMatrix,DC=local
Michael;;Roth;staff assistant;;OU=Additional Crew,OU=Crew,OU=DomainUsers,DC=TheMatrix,DC=local
Michelle;;Rowe;physical trainer;;OU=Additional Crew,OU=Crew,OU=DomainUsers,DC=TheMatrix,DC=local
Marge;;Rowland;production accountant;;OU=Additional Crew,OU=Crew,OU=DomainUsers,DC=TheMatrix,DC=local
Ilkka;;Saari;story editor: executive script consultant;;OU=Additional Crew,OU=Crew,OU=DomainUsers,DC=TheMatrix,DC=local
Fiona;;Searson;publicist;;OU=Additional Crew,OU=Crew,OU=DomainUsers,DC=TheMatrix,DC=local
Janet;;Seppelt;staff assistant;;OU=Additional Crew,OU=Crew,OU=DomainUsers,DC=TheMatrix,DC=local
Sally;;Sharpe;staff assistant;;OU=Additional Crew,OU=Crew,OU=DomainUsers,DC=TheMatrix,DC=local
Greg;;Silverman;Studio Executive;;OU=Additional Crew,OU=Crew,OU=DomainUsers,DC=TheMatrix,DC=local
Denise;;Snyder;physical trainer;;OU=Additional Crew,OU=Crew,OU=DomainUsers,DC=TheMatrix,DC=local
Bryce;;Tibbey;staff assistant;;OU=Additional Crew,OU=Crew,OU=DomainUsers,DC=TheMatrix,DC=local
Masanori;;Tsuchiya;editing/recording;;OU=Additional Crew,OU=Crew,OU=DomainUsers,DC=TheMatrix,DC=local
Michelle;;Tuella;assistant: Joel Silver;;OU=Additional Crew,OU=Crew,OU=DomainUsers,DC=TheMatrix,DC=local
John;;Turner;programmer: amx;;OU=Additional Crew,OU=Crew,OU=DomainUsers,DC=TheMatrix,DC=local
Kevin;;Varnes;caterer;;OU=Additional Crew,OU=Crew,OU=DomainUsers,DC=TheMatrix,DC=local
Justine;;Vollmer;production secretary;;OU=Additional Crew,OU=Crew,OU=DomainUsers,DC=TheMatrix,DC=local
Richard;;Walker;head eye wear designer;;OU=Additional Crew,OU=Crew,OU=DomainUsers,DC=TheMatrix,DC=local
Sinclair;;Whalley;staff assistant;;OU=Additional Crew,OU=Crew,OU=DomainUsers,DC=TheMatrix,DC=local
Chris;;Whittle;staff assistant;;OU=Additional Crew,OU=Crew,OU=DomainUsers,DC=TheMatrix,DC=local
Lawrence;;Woodward;safety coordinator;;OU=Additional Crew,OU=Crew,OU=DomainUsers,DC=TheMatrix,DC=local
Megan;;Worthy;production coordinator;;OU=Additional Crew,OU=Crew,OU=DomainUsers,DC=TheMatrix,DC=local
Charly;;Wrencher;staff assistant;;OU=Additional Crew,OU=Crew,OU=DomainUsers,DC=TheMatrix,DC=local
Luke;;Wrencher;staff assistant;;OU=Additional Crew,OU=Crew,OU=DomainUsers,DC=TheMatrix,DC=local
Rintaro;;Yoneya;sound;;OU=Additional Crew,OU=Crew,OU=DomainUsers,DC=TheMatrix,DC=local
Yuen;;Eagle Shun Yi;kung fu team: Hong Kong;Shun-Yee Yuen;OU=Additional Crew,OU=Crew,OU=DomainUsers,DC=TheMatrix,DC=local
Yuen;;Wo Ping;kung fu choreographer;Woo-Ping Yuen;OU=Additional Crew,OU=Crew,OU=DomainUsers,DC=TheMatrix,DC=local
Daxing;;Zhang;kung fu team: Hong Kong;;OU=Additional Crew,OU=Crew,OU=DomainUsers,DC=TheMatrix,DC=local
